record_id,record_type,parent_dataset_or_cohort,reported_n,development_n,test_n,pairing_or_subset,potential_overlap,independence_status,source,status_note
STRAUS,Dataset,"3 volunteer-derived templates",18,,,"3 templates x 6 functional states","All 18 cases share only 3 source anatomies","Not 18 independent human anatomies","Zhou 2018; official STRAUS page","AI_source_checked; human_review_pending"
CMAC,Dataset,"CMAC 2011 challenge",15,,,"15 healthy volunteers plus dynamic phantom","Multiple algorithms evaluated the same challenge cases","Shared benchmark, not repeated independent validation","Tobon-Gomez 2013; Cardiac Atlas","AI_source_checked; human_review_pending"
Stanford_repository,Dataset,"Stanford Cardiac Performance MRI",55,,,"DOI metadata: 51 healthy + 4 aortic stenosis; lab page: 51 healthy","Repository versions describe one resource","Cohort total is not a complete paired-analysis denominator","DOI 10.25740/xt223hz2438; lab page","Metadata checked; files not downloaded"
Jahromi2026,Algorithm_paper,"Stanford/UCF acquired healthy-volunteer cohort; exact repository linkage not asserted",40,,,"Phantom plus 40 healthy volunteers","May overlap Stanford acquisition programme; exact subject linkage not verified","Do not count as confirmed independent reuse or as repository validation","DOI 10.1007/s10237-026-02120-3","Potential overlap; not verified"
StrainNet,Algorithm_paper,"Study pool of 305",305,243,62,"670 development sections; 190 test sections; cine comparison 59 of 62","59 cine cases are a subset of the 62 test participants","One independent test cohort, not two","DOI 10.1148/ryct.220196","AI_source_checked; human_review_pending"
Wehner2018,Comparison_study,"Two-centre DENSE/bSSFP databases",88,,,"186 paired image slices; torsion/dyssynchrony subset 38","Multiple slices per participant","Participant-aware; slices not independent participants","DOI 10.1186/s12968-018-0485-4","AI_source_checked; human_review_pending"
Cao2018,Comparison_study,"Single-centre recruited cohort",87,,,"95 recruited; 8 tagging and 3 DENSE quality exclusions yielded 87 final; overlapping exclusions possible","Five techniques on the same participants","Paired comparison, not five independent cohorts","DOI 10.1186/s12968-018-0448-9","AI_source_checked; human_review_pending"
Militaru2021,Comparison_study,"Prospective 61-subject cohort",61,,,"18 healthy; 18 chronic MI; 15 DCM; 10 LV hypertrophy","Three FT products and tagging use same participants","Paired products, not independent cohorts","DOI 10.1186/s12968-021-00742-3","AI_source_checked; human_review_pending"
Kihlberg2020,Comparison_study,"Suspected CAD cohort",116,,,"34 with >50% transmural LGE in at least one segment","DENSE/tagging/FT use same patients and segments","Paired modalities, not independent cohorts","DOI 10.1186/s12968-020-00684-2","AI_source_checked; human_review_pending"
Strain8,Repeatability_study,"20 healthy volunteers",20,,,"Same participants scanned twice with eight protocols","Protocol results share participants","Precision comparisons are paired, not independent replications","DOI 10.1093/ehjimp/qyaf144","AI_source_checked; human_review_pending"
