key,doi,bib_year,bib_title,cr_year,cr_title,cr_first_author,cr_container,match
buss2015,10.1016/j.ijcard.2015.01.022,2015,Prediction of Functional Recovery by Cardiac Magnetic Resonance Feature Tracking,2015,Prediction of functional recovery by cardiac magnetic resonance feature tracking,Buss,International Journal of Cardiology,OK
mangion2019,10.1148/radiol.2018181253,2019,Circumferential Strain Predicts Major Adverse Cardiovascular Events Following an,2019,Circumferential Strain Predicts Major Adverse Cardiovascular Events Following an,Mangion,Radiology,OK
reindl2021,10.1007/s00392-020-01649-2,2021,Global Longitudinal Strain by Feature Tracking for Optimized Prediction of Adver,2020,Global longitudinal strain by feature tracking for optimized prediction of adver,Reindl,Clinical Research in Cardiology,YEAR_DIFF
raunig2015,10.1177/0962280214537344,2015,Quantitative Imaging Biomarkers: A Review of Statistical Methods for Technical P,2014,Quantitative imaging biomarkers: A review of statistical methods for technical p,Raunig,Statistical Methods in Medical Research,YEAR_DIFF
puntmann2018,10.1186/s12968-018-0484-5,2018,Society for Cardiovascular Magnetic Resonance (SCMR) Expert Consensus for CMR Im,2018,Society for Cardiovascular Magnetic Resonance (SCMR) expert consensus for CMR im,Puntmann,Journal of Cardiovascular Magnetic Reson,OK
schulzmenger2020,10.1186/s12968-020-00610-6,2020,Standardized Image Interpretation and Post-Processing in Cardiovascular Magnetic,2020,Standardized image interpretation and post-processing in cardiovascular magnetic,Schulz-Menger,Journal of Cardiovascular Magnetic Reson,OK
hundley2022,10.1186/s12968-021-00827-z,2022,Society for Cardiovascular Magnetic Resonance (SCMR) Guidelines for Reporting Ca,2022,Society for Cardiovascular Magnetic Resonance (SCMR) guidelines for reporting ca,Hundley,Journal of Cardiovascular Magnetic Reson,OK
chadalavada2024,10.1016/j.jacc.2024.05.050,2024,Myocardial Strain Measured by Cardiac Magnetic Resonance Predicts Cardiovascular,2024,Myocardial Strain Measured by Cardiac Magnetic Resonance Predicts Cardiovascular,Chadalavada,Journal of the American College of Cardi,OK
pedrizzetti2016,10.1186/s12968-016-0269-7,2016,Principles of Cardiovascular Magnetic Resonance Feature Tracking and Echocardiog,2016,Principles of cardiovascular magnetic resonance feature tracking and echocardiog,Pedrizzetti,Journal of Cardiovascular Magnetic Reson,OK
duchateau2020,10.3389/fcvm.2019.00190,2020,Machine Learning Approaches for Myocardial Motion and Deformation Analysis,2020,Machine Learning Approaches for Myocardial Motion and Deformation Analysis,Duchateau,Frontiers in Cardiovascular Medicine,OK
chen2024,10.1186/s12880-024-01519-7,2024,Improve Myocardial Strain Estimation Based on Deformable Groupwise Registration ,2024,Improve myocardial strain estimation based on deformable groupwise registration ,Chen,BMC Medical Imaging,OK
bell2025strain8,10.1093/ehjimp/qyaf144,2025,The Strain-8 Study: A Multimodal Scan--Rescan Assessment of Myocardial Strain Re,2025,The strain-8 study: a multimodal scan–rescan assessment of myocardial strain rep,Bell,European Heart Journal - Imaging Methods,OK
voigt2015,10.1093/ehjci/jeu184,2015,,2014,Definitions for a common standard for 2D speckle tracking echocardiography: cons,Voigt,European Heart Journal - Cardiovascular ,YEAR_DIFF
amzulescu2019,10.1093/ehjci/jez041,2019,"Myocardial Strain Imaging: Review of General Principles, Validation, and Sources",2019,"Myocardial strain imaging: review of general principles, validation, and sources",Amzulescu,European Heart Journal - Cardiovascular ,OK
smiseth2025,10.1016/j.jcmg.2024.07.011,2025,"Myocardial Strain Imaging: Theory, Current Practice, and the Future",2025,Myocardial Strain Imaging,Smiseth,JACC: Cardiovascular Imaging,OK
morales2021,10.3389/fcvm.2021.730316,2021,DeepStrain: A Deep Learning Workflow for the Automated Characterization of Cardi,2021,DeepStrain: A Deep Learning Workflow for the Automated Characterization of Cardi,Morales,Frontiers in Cardiovascular Medicine,OK
wang2023strainnet,10.1148/ryct.220196,2023,StrainNet: Improved Myocardial Strain Analysis of Cine MRI by Deep Learning from,2023,StrainNet: Improved Myocardial Strain Analysis of Cine MRI by Deep Learning from,Wang,Radiology: Cardiothoracic Imaging,OK
militaru2021,10.1186/s12968-021-00742-3,2021,Multivendor Comparison of Global and Regional 2D Cardiovascular Magnetic Resonan,2021,Multivendor comparison of global and regional 2D cardiovascular magnetic resonan,Militaru,Journal of Cardiovascular Magnetic Reson,OK
goetze2026,10.1007/s11548-025-03499-7,2026,A Multicenter Study on the Comparability of Myocardial Strain Values Acquired wi,2025,A multicenter study on the comparability of myocardial strain values acquired wi,Goetze,International Journal of Computer Assist,YEAR_DIFF
wehner2018,10.1186/s12968-018-0485-4,2018,Comparison of Left Ventricular Strains and Torsion Derived from Feature Tracking,2018,Comparison of left ventricular strains and torsion derived from feature tracking,Wehner,Journal of Cardiovascular Magnetic Reson,OK
cao2018,10.1186/s12968-018-0448-9,2018,A Comparison of Both DENSE and Feature Tracking Techniques with Tagging for the ,2018,A comparison of both DENSE and feature tracking techniques with tagging for the ,Cao,Journal of Cardiovascular Magnetic Reson,OK
adams2023,10.1259/bjr.20220233,2023,Effects of Spatial and Temporal Resolution on Cardiovascular Magnetic Resonance ,2023,Effects of spatial and temporal resolution on cardiovascular magnetic resonance ,Adams,The British Journal of Radiology,OK
mukherjee2024,10.1016/j.compbiomed.2024.109065,2024,In-Silico Heart Model Phantom to Validate Cardiac Strain Imaging,2024,In-silico heart model phantom to validate cardiac strain imaging,Mukherjee,Computers in Biology and Medicine,OK
barbaroux2025,10.1016/j.jocmr.2025.101866,2025,DENSE-SIM: A Modular Pipeline for the Evaluation of Cine Displacement Encoding w,2025,DENSE-SIM: A modular pipeline for the evaluation of cine displacement encoding w,Barbaroux,Journal of Cardiovascular Magnetic Reson,OK
cmac2011,,2011,Cardiac Motion Analysis Challenge 2011,,,,,NO_DOI
stanforddata,10.25740/xt223hz2438,2026,Human MRI Data to Quantify Cardiac Performance,2026,Human MRI Data to Quantify Cardiac Performance,Cardiac Magnetic Research Group,DataCite:Stanford Digital Repository,OK
zhou2018straus,10.1109/TMI.2017.2708159,2018,A Framework for the Generation of Realistic Synthetic Cardiac Ultrasound and Mag,2018,A Framework for the Generation of Realistic Synthetic Cardiac Ultrasound and Mag,Zhou,IEEE Transactions on Medical Imaging,OK
strausdata,,2018,Multimodality STRAUS,,,,,NO_DOI
tobongomez2013cmac,10.1016/j.media.2013.03.008,2013,Benchmarking Framework for Myocardial Tracking and Deformation Algorithms: An Op,2013,Benchmarking framework for myocardial tracking and deformation algorithms: An op,Tobon-Gomez,Medical Image Analysis,OK
wissmann2014mrxcat,10.1186/s12968-014-0063-3,2014,MRXCAT: Realistic Numerical Phantoms for Cardiovascular Magnetic Resonance,2014,MRXCAT: Realistic numerical phantoms for cardiovascular magnetic resonance,Wissmann,Journal of Cardiovascular Magnetic Reson,OK
mrxcat2repo,,2022,MRXCAT 2.0 Source Repository,,,,,NO_DOI
he2024,10.1002/jmri.29274,2024,Prognostic Value of Segmental Strain After ST-Elevation Myocardial Infarction: I,2024,Prognostic Value of Segmental Strain After <scp>ST</scp>‐Elevation Myocardial In,He,Journal of Magnetic Resonance Imaging,OK
yu2020mpn,10.1007/978-3-030-59725-2_42,2020,Motion Pyramid Networks for Accurate and Efficient Cardiac Motion Estimation,2020,Motion Pyramid Networks for Accurate and Efficient Cardiac Motion Estimation,Yu,Lecture Notes in Computer Science,OK
yu2020foal,10.1109/CVPR42600.2020.00437,2020,FOAL: Fast Online Adaptive Learning for Cardiac Motion Estimation,2020,FOAL: Fast Online Adaptive Learning for Cardiac Motion Estimation,Yu,2020 IEEE/CVF Conference on Computer Vis,OK
chen2020anatomy,10.1007/978-3-030-59861-7_16,2020,Anatomy-Aware Cardiac Motion Estimation,2020,Anatomy-Aware Cardiac Motion Estimation,Chen,Lecture Notes in Computer Science,OK
alvarez2026warppinn,10.1007/s00366-026-02295-4,2026,WarpPINN-fibers: Improved Cardiac Strain Estimation from Cine-MR with Physics-In,2026,WarpPINN-fibers: improved cardiac strain estimation from cine-MR with physics-in,Álvarez-Barrientos,Engineering with Computers,OK
liu2026fe,10.1016/j.media.2026.103944,2026,Unlocking 2D/3D+T Myocardial Mechanics from Cine MRI: A Mechanically Regularized,2026,Unlocking 2D/3D+T myocardial mechanics from cine MRI: a mechanically regularized,Liu,Medical Image Analysis,OK
lim2021,10.1007/s00330-020-07539-5,2021,Quantification of Myocardial Strain Assessed by Cardiovascular Magnetic Resonanc,2020,Quantification of myocardial strain assessed by cardiovascular magnetic resonanc,Lim,European Radiology,YEAR_DIFF
mrxcat2023,10.1186/s12968-023-00934-z,2023,MRXCAT2.0: Synthesis of Realistic Numerical Phantoms by Combining Left-Ventricul,2023,MRXCAT2.0: Synthesis of realistic numerical phantoms by combining left-ventricul,Buoso,Journal of Cardiovascular Magnetic Reson,OK
jahromi2026densecine,10.1007/s10237-026-02120-3,2026,Automated cardiac strain estimation from short-axis DENSE and Cine MR images,2026,Automated cardiac strain estimation from short-axis DENSE and Cine MR images,Naqizadeh Jahromi,Biomechanics and Modeling in Mechanobiol,OK
kihlberg2020clinical,10.1186/s12968-020-00684-2,2020,Clinical Validation of Three Cardiovascular Magnetic Resonance Techniques to Mea,2020,Clinical validation of three cardiovascular magnetic resonance techniques to mea,Kihlberg,Journal of Cardiovascular Magnetic Reson,OK
gao2014cine,10.1088/0031-9155/59/13/3637,2014,Left Ventricular Strain and Its Pattern Estimated from Cine CMR and Validation w,2014,Left ventricular strain and its pattern estimated from cine CMR and validation w,Gao,Physics in Medicine and Biology,OK
jia2026fouriernetplus,10.1109/TNNLS.2026.3688245,2026,Fourier-Net+: Band-Limited Spatial Representation for Efficient Medical Image Re,2026,Fourier-Net+: Band-Limited Spatial Representation for Efficient Medical Image Re,Jia,IEEE Transactions on Neural Networks and,OK
movahed2026cardiomorphnet,10.1016/j.media.2026.104149,2026,CardioMorphNet: Cardiac Motion Prediction Using a Shape-Guided Bayesian Recurren,2026,CardioMorphNet: Cardiac motion prediction using a shape-guided Bayesian recurren,Movahed,Medical Image Analysis,OK
monfared2026review,10.1007/s10439-026-04147-0,2026,"Deep Learning for Cardiac Wall Motion Analysis: A Review of Methods, Challenges,",2026,"Deep Learning for Cardiac Wall Motion Analysis: A Review of Methods, Challenges,",Monfared,Annals of Biomedical Engineering,OK
hussein2026review,10.1093/bjr/tqag192,2026,Myocardial Strain Evaluation from Cardiovascular MRI and CT: Physiological Princ,2026,Myocardial strain evaluation from cardiovascular MRI and CT: physiological princ,Hussein,British Journal of Radiology,OK
cmrxrecon2025official,,2025,"CMRxRecon2025: Multi-Centre, Multi-Vendor and Multi-Disease Cardiovascular Magne",,,,,NO_DOI
vornehm2024cinevn,10.1002/mrm.30260,2025,CineVN: Variational Network Reconstruction for Rapid Functional Cardiac Cine MRI,2024,CineVN: Variational network reconstruction for rapid functional cardiac cine MRI,Vornehm,Magnetic Resonance in Medicine,YEAR_DIFF
yoon2023regain,10.1148/radiol.222878,2023,Accelerated Cardiac MRI Cine with Use of Resolution Enhancement Generative Adver,2023,Accelerated Cardiac MRI Cine with Use of Resolution Enhancement Generative Adver,Yoon,Radiology,OK
morales2024dent,10.1148/ryct.230177,2024,Deformation-Encoding Deep Learning Transformer for High-Frame-Rate Cardiac Cine ,2024,Deformation-encoding Deep Learning Transformer for High-Frame-Rate Cardiac Cine ,Morales,Radiology: Cardiothoracic Imaging,OK
tsuneta2025dlr,10.2463/mrms.mp.2024-0202,2025,The Impact of Model-Based Deep-Learning Reconstruction Compared with That of Com,2025,The Impact of Model-based Deep-learning Reconstruction Compared with that of Com,Tsuneta,Magnetic Resonance in Medical Sciences,OK
metz2011,10.1016/j.media.2010.10.003,2011,Nonrigid Registration of Dynamic Medical Imaging Data Using $n$D+$t$ B-Splines a,2011,Nonrigid registration of dynamic medical imaging data using nD+t B-splines and a,Metz,Medical Image Analysis,OK
rueckert1999,10.1109/42.796284,1999,Nonrigid Registration Using Free-Form Deformations: Application to Breast MR Ima,1999,Nonrigid registration using free-form deformations: application to breast MR ima,Rueckert,IEEE Transactions on Medical Imaging,OK
vigneault2017,10.1007/978-3-319-59448-4_18,2017,Feature Tracking Cardiac Magnetic Resonance via Deep Learning and Spline Optimiz,2017,Feature Tracking Cardiac Magnetic Resonance via Deep Learning and Spline Optimiz,Vigneault,Lecture Notes in Computer Science,OK
puyolanton2018,10.1109/ISBI.2018.8363772,2018,Fully Automated Myocardial Strain Estimation from Cine MRI Using Convolutional N,2018,Fully automated myocardial strain estimation from cine MRI using convolutional n,Puyol-Anton,2018 IEEE 15th International Symposium o,OK
osman2000harp,10.1109/42.845177,2000,Imaging Heart Motion Using Harmonic Phase MRI,2000,Imaging heart motion using harmonic phase MRI,Osman,IEEE Transactions on Medical Imaging,OK
balakrishnan2019voxelmorph,10.1109/TMI.2019.2897538,2019,VoxelMorph: A Learning Framework for Deformable Medical Image Registration,2019,VoxelMorph: A Learning Framework for Deformable Medical Image Registration,Balakrishnan,IEEE Transactions on Medical Imaging,OK
chen2022transmorph,10.1016/j.media.2022.102615,2022,TransMorph: Transformer for Unsupervised Medical Image Registration,2022,TransMorph: Transformer for unsupervised medical image registration,Chen,Medical Image Analysis,OK
jia2023fouriernet,10.1609/aaai.v37i1.25182,2023,Fourier-Net: Fast Image Registration with Band-Limited Deformation,2023,Fourier-Net: Fast Image Registration with Band-Limited Deformation,Jia,Proceedings of the AAAI Conference on Ar,OK
qin2018joint,10.1007/978-3-030-00934-2_53,2018,Joint Learning of Motion Estimation and Segmentation for Cardiac MR Image Sequen,2018,Joint Learning of Motion Estimation and Segmentation for Cardiac MR Image Sequen,Qin,Lecture Notes in Computer Science,OK
zheng2019apparent,10.1016/j.media.2019.06.001,2019,Explainable Cardiac Pathology Classification on Cine MRI with Motion Characteriz,2019,Explainable cardiac pathology classification on cine MRI with motion characteriz,Zheng,Medical Image Analysis,OK
meng2022mulvimotion,10.1109/TMI.2022.3154599,2022,MulViMotion: Shape-Aware 3D Myocardial Motion Tracking from Multi-View Cardiac M,2022,MulViMotion: Shape-Aware 3D Myocardial Motion Tracking From Multi-View Cardiac M,Meng,IEEE Transactions on Medical Imaging,OK
meng2024deepmesh,10.1109/TMI.2023.3340118,2024,DeepMesh: Mesh-Based Cardiac Motion Tracking Using Deep Learning,2024,DeepMesh: Mesh-Based Cardiac Motion Tracking Using Deep Learning,Meng,IEEE Transactions on Medical Imaging,OK
qiao2026stcmt,10.1016/j.media.2025.103926,2026,STCMT-Net: A Spatiotemporal Consistency Motion Transfer Network for Enhancing Ca,2026,STCMT-Net: A spatiotemporal consistency motion transfer network for enhancing ca,Qiao,Medical Image Analysis,OK
rendell2024lowrank,10.48550/arXiv.2403.16240,2024,Low Rank Groupwise Deformations for Motion Tracking in Cardiac Cine MRI,2024,Low Rank Groupwise Deformations for Motion Tracking in Cardiac Cine MRI,Sean Rendell,arXiv,OK
yin2025mcm,10.48550/arXiv.2507.17678,2025,MCM: Mamba-Based Cardiac Motion Tracking Using Sequential Images in MRI,2025,MCM: Mamba-based Cardiac Motion Tracking using Sequential Images in MRI,Jiahui Yin,arXiv,OK
ruan2026latentode,10.1016/j.compmedimag.2026.102797,2026,Cardiac Motion Tracking with Bidirectional Latent Neural ODEs from Cine Cardiac ,2026,Cardiac motion tracking with bidirectional latent neural ODEs from cine cardiac ,Ruan,Computerized Medical Imaging and Graphic,OK
fu2026cinema,10.1038/s43856-026-01636-0,2026,Development and Validation of a Versatile Foundation Model for Cine Cardiac Magn,2026,Development and validation of a versatile foundation model for cine cardiac magn,Fu,Communications Medicine,OK
jacob2025cmrfm,10.1016/j.jocmr.2025.101967,2025,Towards a Cardiovascular Magnetic Resonance Foundation Model for Multi-Task Card,2025,Towards a cardiovascular magnetic resonance foundation model for multi-task card,Jacob,Journal of Cardiovascular Magnetic Reson,OK
qin2023biomech,10.1016/j.media.2022.102682,2023,Generative Myocardial Motion Tracking via Latent Space Exploration with Biomecha,2023,Generative myocardial motion tracking via latent space exploration with biomecha,Qin,Medical Image Analysis,OK
arratia2023warppinn,10.1016/j.media.2023.102925,2023,WarpPINN: Cine-MR Image Registration with Physics-Informed Neural Networks,2023,WarpPINN: Cine-MR image registration with physics-informed neural networks,Arratia López,Medical Image Analysis,OK
bell2026inr,10.1007/978-3-032-17734-6_15,2026,Implicit Neural Representations of Intramyocardial Motion and Strain,2026,Implicit Neural Representations of Intramyocardial Motion and Strain,Bell,Lecture Notes in Computer Science,OK
ye2021deeptag,10.1109/CVPR46437.2021.00718,2021,DeepTag: An Unsupervised Deep Learning Method for Motion Tracking on Cardiac Tag,2021,DeepTag: An Unsupervised Deep Learning Method for Motion Tracking on Cardiac Tag,Ye,2021 IEEE/CVF Conference on Computer Vis,OK
lei2025denserotation,10.1109/isbi60581.2025.10980688,2025,DENSE-Guided Deep Motion Networks Accounted by Large Rotations to Improve Myocar,2025,DENSE-Guided Deep Motion Networks Accounted by Large Rotations to Improve Myocar,Lei,2025 IEEE 22nd International Symposium o,OK
an2026myonet,10.3390/bioengineering13030310,2026,MyoNet: Deep Learning-Based Myocardial Strain Quantification from Cine Cardiac M,2026,MyoNet: Deep Learning-Based Myocardial Strain Quantification from Cine Cardiac M,An,Bioengineering,OK
morales2022comparison,10.1002/jmri.28374,2023,Comparison of DeepStrain and Feature Tracking for Cardiac MRI Strain Analysis,2022,Comparison of <scp>DeepStrain</scp> and Feature Tracking for Cardiac <scp>MRI</s,Morales,Journal of Magnetic Resonance Imaging,TITLE_MISMATCH
masutani2023dlss,10.1148/ryct.220202,2023,Deep Learning Synthetic Strain: Quantitative Assessment of Regional Myocardial W,2023,Deep Learning Synthetic Strain: Quantitative Assessment of Regional Myocardial W,Masutani,Radiology: Cardiothoracic Imaging,OK
koehler2025alignedstrain,10.1148/ryai.240303,2025,Deep Learning-Based Aligned Strain from Cine Cardiac MRI for Detection of Fibrot,2025,Deep Learning–based Aligned Strain from Cine Cardiac MRI for Detection of Fibrot,Koehler,Radiology: Artificial Intelligence,OK
xu2018,10.1016/j.media.2018.09.001,2018,Direct Delineation of Myocardial Infarction without Contrast Agents Using a Join,2018,Direct delineation of myocardial infarction without contrast agents using a join,Xu,Medical Image Analysis,OK
bello2019,10.1038/s42256-019-0019-2,2019,Deep-Learning Cardiac Motion Analysis for Human Survival Prediction,2019,Deep-learning cardiac motion analysis for human survival prediction,Bello,Nature Machine Intelligence,OK
brandt2024,10.1002/nbm.5164,2024,Quantification of Left Ventricular Myocardial Strain: Comparison between MRI Tag,2024,Quantification of left ventricular myocardial strain: Comparison between MRI tag,Brandt,NMR in Biomedicine,OK
yeon2001sonomicrometry,10.1016/s0735-1097(01)01397-3,2001,Validation of In Vivo Myocardial Strain Measurement by Magnetic Resonance Taggin,2001,Validation of in vivo myocardial strain measurement by magnetic resonance taggin,Yeon,Journal of the American College of Cardi,OK
portal2025semisup,10.1016/j.compbiomed.2025.110739,2025,Semi-Supervised Motion Flow and Myocardial Strain Estimation in Cardiac Videos U,2025,Semi-supervised motion flow and myocardial strain estimation in cardiac videos u,Portal,Computers in Biology and Medicine,OK
buoso2025tagging3d,10.1016/j.jocmr.2025.101869,2025,Automatic Analysis of Three-Dimensional Cardiac Tagged Magnetic Resonance Images,2025,Automatic analysis of three-dimensional cardiac tagged magnetic resonance images,Buoso,Journal of Cardiovascular Magnetic Reson,OK
maret2009ft,10.1186/1476-7120-7-53,2009,Functional measurements based on feature tracking of cine magnetic resonance ima,2009,Functional measurements based on feature tracking of cine magnetic resonance ima,Maret,Cardiovascular Ultrasound,OK
hor2010ft,10.1016/j.jcmg.2009.11.006,2010,Comparison of Magnetic Resonance Feature Tracking for Strain Calculation With Ha,2010,Comparison of Magnetic Resonance Feature Tracking for Strain Calculation With Ha,Hor,JACC: Cardiovascular Imaging,OK
augustine2013ft,10.1186/1532-429X-15-8,2013,Global and regional left ventricular myocardial deformation measures by magnetic,2013,Global and regional left ventricular myocardial deformation measures by magnetic,Augustine,Journal of Cardiovascular Magnetic Reson,OK
grob2025interp,10.1007/s10554-025-03348-3,2025,Retrospective temporal resolution interpolation alters myocardial strain quantif,2025,Retrospective temporal resolution interpolation alters myocardial strain quantif,Grob,The International Journal of Cardiovascu,OK
bi2025segmorph,10.1109/TMI.2024.3435000,2025,SegMorph: Concurrent Motion Estimation and Segmentation for Cardiac MRI Sequence,2025,SegMorph: Concurrent Motion Estimation and Segmentation for Cardiac MRI Sequence,Bi,IEEE Transactions on Medical Imaging,OK
lu2023bireg,10.1016/j.compbiomed.2023.107001,2023,A bidirectional registration neural network for cardiac motion tracking using ci,2023,A bidirectional registration neural network for cardiac motion tracking using ci,Lu,Computers in Biology and Medicine,OK
jia2026igbireg,10.1088/1361-6560/aeb060,2026,IG-BiReg: implicit-guided bidirectional residual registration framework for card,2026,IG-BiReg: implicit-guided bidirectional residual registration framework for card,Jia,Physics in Medicine &amp; Biology,OK
wang2019opticalflow,10.1016/j.media.2019.06.016,2019,A gradient-based optical-flow cardiac motion estimation method for cine and tagg,2019,A gradient-based optical-flow cardiac motion estimation method for cine and tagg,Wang,Medical Image Analysis,OK
elnakib2015laplace,10.1007/s11548-014-1137-2,2015,Intramyocardial strain estimation from cardiac cine MRI,2014,Intramyocardial strain estimation from cardiac cine MRI,Elnakib,International Journal of Computer Assist,YEAR_DIFF
tuyisenge2016assimilation,10.1109/TMI.2015.2478117,2016,Estimation of Myocardial Strain and Contraction Phase From Cine MRI Using Variat,2016,Estimation of Myocardial Strain and Contraction Phase From Cine MRI Using Variat,Tuyisenge,IEEE Transactions on Medical Imaging,OK
