query_id,concept,database,exact_query,hit_count,records_retrieved,retrieval_cap,date_cap,retrieval_date
regional_post_mi,cine-CMR regional strain and post-infarction abnormality,PubMed,"(""cine CMR""[Title/Abstract] OR ""cine MRI""[Title/Abstract]) AND ""regional""[Title/Abstract] AND (""strain""[Title/Abstract] OR ""motion""[Title/Abstract]) AND (""myocardial infarction""[Title/Abstract] OR ""post-infarction""[Title/Abstract]) AND 1900/01/01:2026/09/01[Date - Publication]",35,35,100,2026-09-01,2026-09-03
regional_post_mi,cine-CMR regional strain and post-infarction abnormality,Europe PMC,"(""cine CMR"" regional strain myocardial infarction post-infarction) AND FIRST_PDATE:[1900-01-01 TO 2026-09-01]",239,100,100,2026-09-01,2026-09-03
regional_post_mi,cine-CMR regional strain and post-infarction abnormality,OpenAlex,"""cine CMR"" regional strain myocardial infarction post-infarction",473,100,100,2026-09-01,2026-09-03
known_motion_phantom,known-motion or digital phantom validation,PubMed,"(""cine CMR""[Title/Abstract] OR ""cine MRI""[Title/Abstract]) AND (""known motion""[Title/Abstract] OR ""digital phantom""[Title/Abstract] OR ""numerical phantom""[Title/Abstract] OR ""in silico phantom""[Title/Abstract]) AND (""strain""[Title/Abstract] OR ""displacement""[Title/Abstract]) AND 1900/01/01:2026/09/01[Date - Publication]",2,2,100,2026-09-01,2026-09-03
known_motion_phantom,known-motion or digital phantom validation,Europe PMC,"(""cine CMR"" myocardial strain known motion digital numerical in-silico phantom) AND FIRST_PDATE:[1900-01-01 TO 2026-09-01]",3,3,100,2026-09-01,2026-09-03
known_motion_phantom,known-motion or digital phantom validation,OpenAlex,"""cine CMR"" myocardial strain known motion digital numerical in-silico phantom",2,2,100,2026-09-01,2026-09-03
prior_perturbation,prior or regularisation perturbation,PubMed,"(""cine CMR""[Title/Abstract] OR ""cine MRI""[Title/Abstract]) AND (""strain""[Title/Abstract] OR ""myocardial motion""[Title/Abstract]) AND (""regularization""[Title/Abstract] OR ""regularisation""[Title/Abstract] OR ""prior""[Title/Abstract]) AND (""perturbation""[Title/Abstract] OR ""sensitivity""[Title/Abstract] OR ""ablation""[Title/Abstract]) AND 1900/01/01:2026/09/01[Date - Publication]",1,1,100,2026-09-01,2026-09-03
prior_perturbation,prior or regularisation perturbation,Europe PMC,"(""cine CMR"" myocardial strain motion prior regularisation regularization perturbation sensitivity ablation) AND FIRST_PDATE:[1900-01-01 TO 2026-09-01]",0,0,100,2026-09-01,2026-09-03
prior_perturbation,prior or regularisation perturbation,OpenAlex,"""cine CMR"" myocardial strain motion prior regularisation regularization perturbation sensitivity ablation",1,1,100,2026-09-01,2026-09-03
conditional_recoverability,conditional recoverability,PubMed,"(""cine CMR""[Title/Abstract] OR ""cine MRI""[Title/Abstract]) AND ""recoverability""[Title/Abstract] AND (""strain""[Title/Abstract] OR ""motion""[Title/Abstract]) AND 1900/01/01:2026/09/01[Date - Publication]",0,0,100,2026-09-01,2026-09-03
conditional_recoverability,conditional recoverability,Europe PMC,"(""cine CMR"" conditional recoverability strain motion) AND FIRST_PDATE:[1900-01-01 TO 2026-09-01]",2,2,100,2026-09-01,2026-09-03
conditional_recoverability,conditional recoverability,OpenAlex,"""cine CMR"" conditional recoverability strain motion",32,32,100,2026-09-01,2026-09-03
failure_aware,abstention failure-aware or selective prediction,PubMed,"(""cardiac cine MRI""[Title/Abstract] OR ""cine CMR""[Title/Abstract]) AND (""strain""[Title/Abstract] OR ""motion""[Title/Abstract]) AND (""abstention""[Title/Abstract] OR ""selective prediction""[Title/Abstract] OR ""failure-aware""[Title/Abstract] OR ""uncertainty""[Title/Abstract] OR ""out of distribution""[Title/Abstract]) AND 1900/01/01:2026/09/01[Date - Publication]",0,0,100,2026-09-01,2026-09-03
failure_aware,abstention failure-aware or selective prediction,Europe PMC,"(""cardiac cine MRI"" strain motion abstention selective prediction failure-aware uncertainty out-of-distribution) AND FIRST_PDATE:[1900-01-01 TO 2026-09-01]",0,0,100,2026-09-01,2026-09-03
failure_aware,abstention failure-aware or selective prediction,OpenAlex,"""cardiac cine MRI"" strain motion abstention selective prediction failure-aware uncertainty out-of-distribution",0,0,100,2026-09-01,2026-09-03
regional_distortion,regional localisation spillover and attenuation,PubMed,"(""cine CMR""[Title/Abstract] OR ""cine MRI""[Title/Abstract]) AND ""regional""[Title/Abstract] AND (""localization""[Title/Abstract] OR ""localisation""[Title/Abstract] OR ""spillover""[Title/Abstract] OR ""attenuation""[Title/Abstract]) AND (""strain""[Title/Abstract] OR ""motion""[Title/Abstract] OR ""deformation""[Title/Abstract]) AND 1900/01/01:2026/09/01[Date - Publication]",3,3,100,2026-09-01,2026-09-03
regional_distortion,regional localisation spillover and attenuation,Europe PMC,"(""cine CMR"" regional myocardial strain motion localisation localization spillover attenuation) AND FIRST_PDATE:[1900-01-01 TO 2026-09-01]",0,0,100,2026-09-01,2026-09-03
regional_distortion,regional localisation spillover and attenuation,OpenAlex,"""cine CMR"" regional myocardial strain motion localisation localization spillover attenuation",0,0,100,2026-09-01,2026-09-03
