id,study,identifier,known_motion,abnormality_scale,abnormality_amplitude,location_timing_transmurality,acquisition_quality,controllable_prior,common_estimand_contract,contrast_retention,broadening_spillover_localisation,failure_calibration,risk_coverage,non_equivalence_reason,screening_basis
NN01,"Myocardial strain imaging: review of general principles, validation, and sources of discrepancies (2019)",10.1093/ehjci/jez041,partial,partial,partial,partial,partial,partial,yes,partial,partial,no,no,Narrative synthesis aligns terminology and claim types but contains no single controlled benchmark.,title and available abstract/metadata; shortlist checked against primary/full source where used in manuscript
NN02,Cardiac Magnetic Resonance Myocardial Feature Tracking for Optimized Prediction of Cardiovascular Events Following Myocardial Infarction (2018),10.1016/j.jcmg.2017.11.034,no,no,no,partial,no,no,partial,no,no,no,no,"Post-MI prognostic association uses observed patient differences and outcomes, not prescribed motion or estimator perturbation.",title and available abstract/metadata; shortlist checked against primary/full source where used in manuscript
NN03,Feature tracking compared with tissue tagging measurements of segmental strain by cardiovascular magnetic resonance (2014),10.1186/1532-429x-16-10,no,no,no,partial,no,no,yes,partial,no,no,no,Paired feature tracking and tagging test segmental agreement but do not prescribe abnormality or evaluate failure-aware acceptance.,title and available abstract/metadata; shortlist checked against primary/full source where used in manuscript
NN04,Echocardiography and cardiovascular magnetic resonance based evaluation of myocardial strain and relationship with late gadolinium enhancement (2019),10.1186/s12968-019-0559-y,no,no,no,partial,no,no,partial,partial,no,no,no,"LGE supplies a tissue label for association, not known motion, spatial distortion or safe-rejection performance.",title and available abstract/metadata; shortlist checked against primary/full source where used in manuscript
NN05,A New Framework for Performing Cardiac Strain Analysis from Cine MRI Imaging in Mice (2020),10.1038/s41598-020-64206-x,partial,partial,partial,partial,partial,partial,partial,partial,partial,no,no,"Geometry-constrained mouse cine analysis studies a method and selected validation axes, not the complete joint perturbation and abstention design.",title and available abstract/metadata; shortlist checked against primary/full source where used in manuscript
NN06,Left ventricular strain and its pattern estimated from cine CMR and validation with DENSE. (2014),10.1088/0031-9155/59/13/3637,no,no,no,partial,no,no,yes,partial,partial,no,no,Cine-to-DENSE comparison adds a material-sensitive reference but DENSE is not prescribed error-free motion and priors are not swept.,title and available abstract/metadata; shortlist checked against primary/full source where used in manuscript
NN07,MulViMotion: Shape-Aware 3D Myocardial Motion Tracking From Multi-View Cardiac MRI (2022),10.1109/tmi.2022.3154599,no,no,no,partial,partial,partial,partial,partial,partial,no,no,A shape-aware multi-view estimator tests motion accuracy under its datasets but does not vary a prescribed regional lesion and prior jointly.,title and available abstract/metadata; shortlist checked against primary/full source where used in manuscript
NN08,Image Feature Determinants of Global and Segmental Circumferential Ventricular Strain From Cine CMR (2014),10.1016/j.jcmg.2014.10.005,partial,yes,partial,partial,yes,no,partial,partial,partial,no,no,Image-feature sensitivity addresses scale and acquisition information but not a controllable estimator prior or error-aware rejection.,title and available abstract/metadata; shortlist checked against primary/full source where used in manuscript
NN09,Localized strain characterization of cardiomyopathy in Duchenne muscular dystrophy using novel 4D kinematic analysis of cine cardiovascular magnetic resonance. (2023),10.1186/s12968-023-00922-3,no,no,no,yes,no,no,partial,partial,no,no,no,Localised DMD strain characterises observed biological abnormality; it does not test prescribed motion or estimator error.,title and available abstract/metadata; shortlist checked against primary/full source where used in manuscript
NN10,Non-Contrast Cine Cardiac Magnetic Resonance Derived-Radiomics for the Prediction of Left Ventricular Adverse Remodeling in Patients With ST-Segment Elevation Myocardial Infarction (2023),10.3348/kjr.2023.0061,no,no,no,partial,partial,no,no,no,no,no,no,Cine radiomics predicts remodelling without claiming recovery of a declared regional motion or strain estimand.,title and available abstract/metadata; shortlist checked against primary/full source where used in manuscript
NN11,Probabilistic Modeling for Image Registration Using Radial Basis Functions: Application to Cardiac Motion Estimation (2022),10.1109/tnnls.2022.3141119,partial,no,no,partial,partial,partial,partial,partial,partial,partial,no,"Probabilistic registration models uncertainty, but the recorded study does not report tolerance-calibrated false acceptance or risk--coverage curves.",title and available abstract/metadata; shortlist checked against primary/full source where used in manuscript
NN12,Association of cardiovascular magnetic resonance-derived circumferential strain parameters with the risk of ventricular arrhythmia and all-cause mortality in patients with prior myocardial infarction and primary prevention implantable cardioverter defibrillator. (2019),10.1186/s12968-019-0536-5,no,no,no,yes,no,no,partial,no,no,no,no,Regional strain is associated with ventricular arrhythmia and mortality; this is downstream association rather than motion accuracy.,title and available abstract/metadata; shortlist checked against primary/full source where used in manuscript
NN13,Multi-Modality Deep Infarct: Non-invasive identification of infarcted myocardium using composite in-silico-human data learning (2024),10.21203/rs.3.rs-4468678/v1,partial,partial,partial,yes,partial,partial,partial,partial,partial,no,no,"Composite in-silico--human learning targets infarct identification, not recovery and calibrated rejection of a predeclared regional estimand.",title and available abstract/metadata; shortlist checked against primary/full source where used in manuscript
NN14,Artificial Intelligence to derive aligned strain in cine CMR to detect patients with myocardial fibrosis: an open and scrutinizable approach (2024),10.21203/rs.3.rs-3785677/v1,no,no,no,yes,no,partial,partial,partial,no,no,no,"Aligned cine strain is tested against fibrosis labels, which do not provide dense material-motion truth or a joint prior sweep.",title and available abstract/metadata; shortlist checked against primary/full source where used in manuscript
NN15,MulViMotion: Shape-aware 3D Myocardial Motion Tracking from Multi-View Cardiac MRI (2022),10.48550/arxiv.2208.00034,no,no,no,partial,partial,partial,partial,partial,partial,no,no,Preprint duplicate of the MulViMotion journal report; it adds no independent design coverage.,title and available abstract/metadata; shortlist checked against primary/full source where used in manuscript
NN16,3D Spatiotemporal cardiac reconstruction for predicting MACE in acute myocardial infarction (2026),10.1038/s41746-026-02449-0,no,no,no,partial,partial,partial,no,no,no,no,no,Post-MI spatiotemporal reconstruction predicts MACE but does not validate a motion-to-strain measurement contract.,title and available abstract/metadata; shortlist checked against primary/full source where used in manuscript
NN17,Anterior STEMI associated with decreased strain in remote cardiac myocardium. (2022),10.1007/s10554-021-02391-0,no,no,no,yes,no,no,partial,partial,no,no,no,"Remote-myocardial strain is an observed patient-level biological difference, not a prescribed technical abnormality.",title and available abstract/metadata; shortlist checked against primary/full source where used in manuscript
NN18,Assessment of infarct-specific cardiac motion dysfunction using modeling and multimodal magnetic resonance merging. (2017),10.1002/jmri.25390,partial,partial,partial,yes,partial,partial,partial,partial,partial,no,no,"Infarct-specific modelling and multimodal merging localise dysfunction, but do not jointly sweep acquisition and prior or calibrate rejection.",title and available abstract/metadata; shortlist checked against primary/full source where used in manuscript
NN19,Complete spatiotemporal quantification of cardiac motion in mice through multi-view magnetic resonance imaging and super-resolution reconstruction. (2025),10.1038/s41598-025-11766-5,no,no,no,partial,yes,partial,partial,partial,partial,no,no,Multi-view super-resolution improves mouse motion reconstruction but does not supply the full regional lesion and abstention benchmark.,title and available abstract/metadata; shortlist checked against primary/full source where used in manuscript
NN20,Generative Brownian Bridge Diffusion In Motion Space For Enhanced Myocardial Strain Analysis (2026),title record,partial,no,no,partial,no,partial,partial,partial,partial,partial,no,DENSE-conditioned motion generation represents a distribution; the recorded preprint does not establish tolerance-calibrated selective performance.,title and available abstract/metadata; shortlist checked against primary/full source where used in manuscript
NN21,In-silico heart model phantom to validate cardiac strain imaging. (2024),10.1016/j.compbiomed.2024.109065,yes,yes,yes,partial,partial,no,yes,yes,partial,no,no,"Finite-element known-motion validation covers prescribed strain and regional retention, but not a controllable estimator prior or failure-aware coverage.",title and available abstract/metadata; shortlist checked against primary/full source where used in manuscript
NN22,Deep learning approaches for the detection of scar presence from cine cardiac magnetic resonance adding derived parametric images (2025),10.1007/s11517-024-03175-z,no,no,no,no,no,no,no,no,no,no,no,"Slice- and patient-level classification of scar presence from cine and derived Fourier/monogenic parametric images against LGE-defined ground truth. No displacement field is estimated, no abnormality is prescribed and no estimator prior is perturbed, so regional motion recovery is not assessed.","title, abstract and full-text metadata retrieved in the documented 9 September 2026 top-up check; same screening rules as the 3 September 2026 stream"
NN23,Contrast-Free Myocardial Scar Segmentation in Cine MRI using Motion and Texture Fusion (2025),10.48550/arxiv.2501.05241,no,no,no,partial,no,no,no,no,no,no,no,"Estimates an end-diastolic-reference displacement field over the full cine cycle and fuses it with texture for scar segmentation. The reported outcome is scar overlap against LGE labels registered into cine coordinates; no independent tagging, DENSE or prescribed-motion reference is used, no acquisition or prior sweep is run, and no failure-calibrated selective performance is reported.","title, abstract and full-text metadata retrieved in the documented 9 September 2026 top-up check; same screening rules as the 3 September 2026 stream"
