claim_id,location,atomic_claim,claim_type,source,exact_locator,reading_depth,status,human_status,notes
C001,"Main scope","Historical search used 18 query-database combinations with a 1 September 2026 cutoff; 281 exported rows became 253 unique candidates and 21 retained records","source finding","Inherited search record and v8.1 ledger","Search record summary and exported matrices","record-level audit","AI_source_checked","human_review_pending","Not a new v9 systematic search"
C002,"Main StrainNet","305 total participants were split into 243 development participants/670 sections and 62 independent test participants/190 sections","source finding","Wang et al. 2023; DOI 10.1148/ryct.220196","Methods: study population and dataset split","full text","AI_source_checked","human_review_pending","The 305 total is not a held-out cine cohort"
C003,"Main StrainNet","The 0.75+/-0.35 mm test EPE used DENSE magnitude contours as input and DENSE phase-derived displacement as reference","source finding","Wang et al. 2023","Results: independent-test displacement evaluation","full text","AI_source_checked","human_review_pending","Not ordinary cine-contour EPE"
C004,"Main StrainNet","The cine comparison used 59 test participants and end-systolic global/segmental circumferential Green-Lagrange strain; ICCs were 0.87/0.75 versus FT 0.72/0.48","source finding","Wang et al. 2023","Results: routine cine analysis and Table/Figure comparison","full text","AI_source_checked","human_review_pending","Global and segmental values are distinct from pixel EPE"
C005,"Table 2 Wehner","88 participants contributed 186 paired slices; mid Ecc bias was -0.4 percentage points with CoV 11%; dyssynchrony bias 26 ms with CoV 76%","source finding","Wehner et al. 2018; DOI 10.1186/s12968-018-0485-4","Abstract Methods/Results and study population","full text","AI_source_checked","human_review_pending","Whole-slice measures; 38-person torsion/dyssynchrony subset"
C006,"Table 2 Cao","95 were recruited and 87 analysed; DENSE Ecc versus tagging had ICC 0.778, bias 0.155 percentage points, limits -6.166 to 6.476","source finding","Cao et al. 2018; DOI 10.1186/s12968-018-0448-9","Results; Tables 2-3","full text","AI_source_checked","human_review_pending","One mid short-axis slice for Ecc/Err"
C007,"Table 2 Militaru","In 61 participants, global LS and CS agreement versus tagging was high while radial and regional results varied more by vendor","source finding","Militaru et al. 2021; DOI 10.1186/s12968-021-00742-3","Abstract Methods/Results and Discussion","full text","AI_source_checked","human_review_pending","Population: 18 healthy, 18 MI, 15 DCM, 10 LV hypertrophy"
C008,"Main Kihlberg","Among 116 patients, 34 had >50% transmural LGE; segment AUCs were 0.87 DENSE, 0.83 tagging, 0.66 FT and sensitivities at 80% specificity were 82%, 71%, 35%","source finding","Kihlberg et al. 2020; DOI 10.1186/s12968-020-00684-2","Results: high-transmurality scar discrimination","full text","AI_source_checked","human_review_pending","Tissue discrimination, not dense-motion ranking"
C009,"Main Strain-8","Twenty healthy volunteers underwent same-day scan-rescan with eight protocols; global CoV was <=20% while segmental results were often >20%","source finding","Bell et al. 2025; DOI 10.1093/ehjimp/qyaf144","Methods and Results/Discussion","full text","AI_source_checked","human_review_pending","Precision only"
C010,"Main Jahromi","Phantom and 40 healthy-volunteer results support endocardial circumferential agreement more strongly than radial, longitudinal or epicardial circumferential equivalence","source finding","Jahromi et al. 2026; DOI 10.1007/s10237-026-02120-3","Authoritative abstract and publisher method summary","abstract/publisher","AI_source_checked","human_review_pending","Post-cutoff targeted update; numerical limits not claimed"
C011,"Resource STRAUS","Eighteen virtual patients arise from three templates each driven through one healthy and five pathological states; each has cine, three tagged MR sequences, US and framewise meshes","source finding","Zhou et al. 2018 and official STRAUS page","Paper Methods/Results; official folder schema","full text plus official page","AI_source_checked","human_review_pending","Not 18 independent human anatomies; paper reports engineering strain"
C012,"Resource Stanford","The laboratory page reports 51 healthy volunteers whereas DataCite metadata updated 27 July 2026 reports 55 total including four aortic-stenosis participants","source finding","Stanford laboratory page and DOI 10.25740/xt223hz2438","Study Enrollment; DataCite description","official metadata","AI_source_checked","human_review_pending","Versioned descriptions of one repository"
C013,"Resource Stanford","Repository totals do not establish complete usable cine-DENSE pairs; DENSE DICOM magnitude/phase requires processing and alignment before strain comparison","inference/recommendation","Stanford acquisition description; DENSE measurement literature","Resource page plus measurement-contract synthesis","source-grounded inference","AI_source_checked","human_review_pending","Explicitly labelled inference; no subject files inspected"
C014,"Resource CMAC","CMAC includes a dynamic phantom and 15 healthy volunteers; reference is 12 two-observer 3D-tag landmarks with median volunteer interobserver variability 0.84 mm","source finding","Tobon-Gomez et al. 2013; DOI 10.1016/j.media.2013.03.008","Abstract Methods/Results","full abstract/record","AI_source_checked","human_review_pending","Sparse reference, not dense truth"
C015,"Resource MRXCAT","MRXCAT is an XCAT-based generator for cardiac/perfusion acquisition and reconstruction simulation, not a fixed disease cohort","source finding","Wissmann et al. 2014; DOI 10.1186/s12968-014-0063-3","Abstract and official software page","full text/official page","AI_source_checked","human_review_pending","Known simulated motion within model assumptions"
C016,"Resource MRXCAT2","MRXCAT2.0 adds statistical shape, biophysical healthy/infarct/DCM/HCM function and tissue texture with known generated function","source finding","Buoso et al. 2023; DOI 10.1186/s12968-023-00934-z","Methods/Results and repository landing page","full text/official repository","AI_source_checked","human_review_pending","Generator rather than fixed independent participant cohort"
C017,"Conclusion","Support is strongest for bounded global, slice and AHA-segment circumferential endpoints; direct focal centroid/boundary/extent and peak-time tests were uncommon or unreported in inspected studies","review synthesis","Claims C002-C016 and empirical table","Cross-study synthesis","full reviewed evidence","AI_source_checked","human_review_pending","Not a claim that such studies do not exist anywhere"
